row_id	exact_path	symbol_or_component	current_callers	current_dependency_direction	current_runtime_role	current_authority_claim	phase_17_relevance	disposition	rationale
P17-L-001	docs/architecture/declarative-plugin-sandbox.md	declarative-plugin-sandbox	NONE_TRACKED_OR_DECLARATIVE_SURFACE	DECLARATIVE_OR_NO_TRACKED_CALLERS	supporting/historical documentation	non-canonical supporting evidence	CONTEXT_ONLY	DEFER	not required to close Phase 17 and does not become canonical authority
P17-L-002	docs/archive/docs-cn/08-extension-platform/02-sandbox-runtime.md	02-sandbox-runtime	NONE_TRACKED_OR_DECLARATIVE_SURFACE	DECLARATIVE_OR_NO_TRACKED_CALLERS	supporting/historical documentation	non-canonical supporting evidence	CONTEXT_ONLY	DEFER	not required to close Phase 17 and does not become canonical authority
P17-L-003	docs/archive/plugin-sandbox-guidelines.md	plugin-sandbox-guidelines	NONE_TRACKED_OR_DECLARATIVE_SURFACE	DECLARATIVE_OR_NO_TRACKED_CALLERS	supporting/historical documentation	non-canonical supporting evidence	CONTEXT_ONLY	DEFER	not required to close Phase 17 and does not become canonical authority
P17-L-004	docs/examples/opencue/local-docker-p2o0a/README.md	README	NONE_TRACKED_OR_DECLARATIVE_SURFACE	DECLARATIVE_OR_NO_TRACKED_CALLERS	delegated backend mechanism/evidence	OpenCue backend-internal authority only	CONTEXT_ONLY	DEFER	not required to close Phase 17 and does not become canonical authority
P17-L-005	docs/examples/opencue/local-docker-p2o0a/docker-compose.opencue-smoke.yml	docker-compose.opencue-smoke	NONE_TRACKED_OR_DECLARATIVE_SURFACE	DECLARATIVE_OR_NO_TRACKED_CALLERS	deployment, build, configuration, or network mechanics	deployment mechanics only	DIRECT	REUSE_MECHANICS_ONLY	mechanics/evidence may be reused but cannot define Phase 17 semantics
P17-L-006	docs/examples/opencue/local-docker-p2o0b/README.md	README	NONE_TRACKED_OR_DECLARATIVE_SURFACE	DECLARATIVE_OR_NO_TRACKED_CALLERS	delegated backend mechanism/evidence	OpenCue backend-internal authority only	CONTEXT_ONLY	DEFER	not required to close Phase 17 and does not become canonical authority
P17-L-007	docs/examples/opencue/local-docker-p2o0b/docker-compose.opencue-runtime-smoke.yml	docker-compose.opencue-runtime-smoke	NONE_TRACKED_OR_DECLARATIVE_SURFACE	DECLARATIVE_OR_NO_TRACKED_CALLERS	deployment, build, configuration, or network mechanics	deployment mechanics only	DIRECT	REUSE_MECHANICS_ONLY	mechanics/evidence may be reused but cannot define Phase 17 semantics
P17-L-008	docs/examples/opencue/local-docker-p2o0c/README.md	README	NONE_TRACKED_OR_DECLARATIVE_SURFACE	DECLARATIVE_OR_NO_TRACKED_CALLERS	delegated backend mechanism/evidence	OpenCue backend-internal authority only	CONTEXT_ONLY	DEFER	not required to close Phase 17 and does not become canonical authority
P17-L-009	docs/examples/opencue/local-docker-p2o0c/docker-compose.opencue-runtime-ready.yml	docker-compose.opencue-runtime-ready	NONE_TRACKED_OR_DECLARATIVE_SURFACE	DECLARATIVE_OR_NO_TRACKED_CALLERS	deployment, build, configuration, or network mechanics	deployment mechanics only	DIRECT	REUSE_MECHANICS_ONLY	mechanics/evidence may be reused but cannot define Phase 17 semantics
P17-L-010	docs/examples/opencue/local-docker-p2o0d/README.md	README	NONE_TRACKED_OR_DECLARATIVE_SURFACE	DECLARATIVE_OR_NO_TRACKED_CALLERS	delegated backend mechanism/evidence	OpenCue backend-internal authority only	CONTEXT_ONLY	DEFER	not required to close Phase 17 and does not become canonical authority
P17-L-011	docs/examples/opencue/local-docker-p2o0d/docker-compose.override.if-needed.yml	docker-compose.override.if-needed	NONE_TRACKED_OR_DECLARATIVE_SURFACE	DECLARATIVE_OR_NO_TRACKED_CALLERS	deployment, build, configuration, or network mechanics	deployment mechanics only	DIRECT	REUSE_MECHANICS_ONLY	mechanics/evidence may be reused but cannot define Phase 17 semantics
P17-L-012	docs/examples/opencue/local-docker-p2o0d/job-submission-strategy.md	job-submission-strategy	NONE_TRACKED_OR_DECLARATIVE_SURFACE	DECLARATIVE_OR_NO_TRACKED_CALLERS	delegated backend mechanism/evidence	OpenCue backend-internal authority only	CONTEXT_ONLY	DEFER	not required to close Phase 17 and does not become canonical authority
P17-L-013	docs/examples/opencue/local-docker-p2o0e/README.md	README	NONE_TRACKED_OR_DECLARATIVE_SURFACE	DECLARATIVE_OR_NO_TRACKED_CALLERS	delegated backend mechanism/evidence	OpenCue backend-internal authority only	CONTEXT_ONLY	DEFER	not required to close Phase 17 and does not become canonical authority
P17-L-014	docs/examples/opencue/local-docker-p2o0e/grpc-submission-strategy.md	grpc-submission-strategy	NONE_TRACKED_OR_DECLARATIVE_SURFACE	DECLARATIVE_OR_NO_TRACKED_CALLERS	delegated backend mechanism/evidence	OpenCue backend-internal authority only	CONTEXT_ONLY	DEFER	not required to close Phase 17 and does not become canonical authority
P17-L-015	docs/examples/opencue/local-docker-p2o0e/job-submission-discovery.md	job-submission-discovery	NONE_TRACKED_OR_DECLARATIVE_SURFACE	DECLARATIVE_OR_NO_TRACKED_CALLERS	delegated backend mechanism/evidence	OpenCue backend-internal authority only	CONTEXT_ONLY	DEFER	not required to close Phase 17 and does not become canonical authority
P17-L-016	docs/examples/opencue/local-docker-p2o0f/cjsl-discovery-notes.md	cjsl-discovery-notes	NONE_TRACKED_OR_DECLARATIVE_SURFACE	DECLARATIVE_OR_NO_TRACKED_CALLERS	delegated backend mechanism/evidence	OpenCue backend-internal authority only	CONTEXT_ONLY	DEFER	not required to close Phase 17 and does not become canonical authority
P17-L-017	docs/examples/opencue/local-docker-p2o0f/preview-artifact-summary.md	preview-artifact-summary	NONE_TRACKED_OR_DECLARATIVE_SURFACE	DECLARATIVE_OR_NO_TRACKED_CALLERS	delegated backend mechanism/evidence	OpenCue backend-internal authority only	CONTEXT_ONLY	DEFER	not required to close Phase 17 and does not become canonical authority
P17-L-018	docs/examples/opencue/local-docker-p2o0f/validation-outputs.md	validation-outputs	NONE_TRACKED_OR_DECLARATIVE_SURFACE	DECLARATIVE_OR_NO_TRACKED_CALLERS	delegated backend mechanism/evidence	OpenCue backend-internal authority only	CONTEXT_ONLY	DEFER	not required to close Phase 17 and does not become canonical authority
P17-L-019	docs/examples/opencue/render-execution-plan-mapping/README.md	README	NONE_TRACKED_OR_DECLARATIVE_SURFACE	DECLARATIVE_OR_NO_TRACKED_CALLERS	delegated backend mechanism/evidence	OpenCue backend-internal authority only	CONTEXT_ONLY	DEFER	not required to close Phase 17 and does not become canonical authority
P17-L-020	docs/examples/opencue/render-execution-plan-mapping/dependency-stage-splitting-example.md	dependency-stage-splitting-example	NONE_TRACKED_OR_DECLARATIVE_SURFACE	DECLARATIVE_OR_NO_TRACKED_CALLERS	delegated backend mechanism/evidence	OpenCue backend-internal authority only	CONTEXT_ONLY	DEFER	not required to close Phase 17 and does not become canonical authority
P17-L-021	docs/examples/opencue/render-execution-plan-mapping/failure-status-mapping-example.md	failure-status-mapping-example	NONE_TRACKED_OR_DECLARATIVE_SURFACE	DECLARATIVE_OR_NO_TRACKED_CALLERS	delegated backend mechanism/evidence	OpenCue backend-internal authority only	CONTEXT_ONLY	DEFER	not required to close Phase 17 and does not become canonical authority
P17-L-022	docs/examples/opencue/render-execution-plan-mapping/storage-strategy-comparison.md	storage-strategy-comparison	NONE_TRACKED_OR_DECLARATIVE_SURFACE	DECLARATIVE_OR_NO_TRACKED_CALLERS	delegated backend mechanism/evidence	OpenCue backend-internal authority only	CONTEXT_ONLY	DEFER	not required to close Phase 17 and does not become canonical authority
P17-L-023	docs/examples/provider-bindings/opencue.execution-environment-note.yaml	opencue.execution-environment-note	NONE_TRACKED_OR_DECLARATIVE_SURFACE	DECLARATIVE_OR_NO_TRACKED_CALLERS	deployment, build, configuration, or network mechanics	deployment mechanics only	DIRECT	REUSE_MECHANICS_ONLY	mechanics/evidence may be reused but cannot define Phase 17 semantics
P17-L-024	docs/extensions/02-sandbox-runtime.md	02-sandbox-runtime	NONE_TRACKED_OR_DECLARATIVE_SURFACE	DECLARATIVE_OR_NO_TRACKED_CALLERS	supporting/historical documentation	non-canonical supporting evidence	CONTEXT_ONLY	DEFER	not required to close Phase 17 and does not become canonical authority
P17-L-025	docs/operations/opencue-local-docker-job-submission-smoke-runbook.md	opencue-local-docker-job-submission-smoke-runbook	NONE_TRACKED_OR_DECLARATIVE_SURFACE	DECLARATIVE_OR_NO_TRACKED_CALLERS	delegated backend mechanism/evidence	OpenCue backend-internal authority only	CONTEXT_ONLY	DEFER	not required to close Phase 17 and does not become canonical authority
P17-L-026	docs/operations/opencue-local-docker-runtime-readiness-runbook.md	opencue-local-docker-runtime-readiness-runbook	NONE_TRACKED_OR_DECLARATIVE_SURFACE	DECLARATIVE_OR_NO_TRACKED_CALLERS	delegated backend mechanism/evidence	OpenCue backend-internal authority only	CONTEXT_ONLY	DEFER	not required to close Phase 17 and does not become canonical authority
P17-L-027	docs/operations/opencue-local-docker-runtime-smoke-runbook.md	opencue-local-docker-runtime-smoke-runbook	NONE_TRACKED_OR_DECLARATIVE_SURFACE	DECLARATIVE_OR_NO_TRACKED_CALLERS	delegated backend mechanism/evidence	OpenCue backend-internal authority only	CONTEXT_ONLY	DEFER	not required to close Phase 17 and does not become canonical authority
P17-L-028	docs/operations/opencue-local-docker-smoke-runbook.md	opencue-local-docker-smoke-runbook	NONE_TRACKED_OR_DECLARATIVE_SURFACE	DECLARATIVE_OR_NO_TRACKED_CALLERS	delegated backend mechanism/evidence	OpenCue backend-internal authority only	CONTEXT_ONLY	DEFER	not required to close Phase 17 and does not become canonical authority
P17-L-029	docs/operations/opencue-multiframe-multilayer-runbook.md	opencue-multiframe-multilayer-runbook	NONE_TRACKED_OR_DECLARATIVE_SURFACE	DECLARATIVE_OR_NO_TRACKED_CALLERS	delegated backend mechanism/evidence	OpenCue backend-internal authority only	CONTEXT_ONLY	DEFER	not required to close Phase 17 and does not become canonical authority
P17-L-030	docs/operations/opencue-render-execution-plan-mapping-runbook.md	opencue-render-execution-plan-mapping-runbook	NONE_TRACKED_OR_DECLARATIVE_SURFACE	DECLARATIVE_OR_NO_TRACKED_CALLERS	delegated backend mechanism/evidence	OpenCue backend-internal authority only	CONTEXT_ONLY	DEFER	not required to close Phase 17 and does not become canonical authority
P17-L-031	docs/platform/sandbox-layer.md	sandbox-layer	NONE_TRACKED_OR_DECLARATIVE_SURFACE	DECLARATIVE_OR_NO_TRACKED_CALLERS	supporting/historical documentation	non-canonical supporting evidence	CONTEXT_ONLY	DEFER	not required to close Phase 17 and does not become canonical authority
P17-L-032	docs/production-safety.md	production-safety	NONE_TRACKED_OR_DECLARATIVE_SURFACE	DECLARATIVE_OR_NO_TRACKED_CALLERS	supporting/historical documentation	non-canonical supporting evidence	CONTEXT_ONLY	DEFER	not required to close Phase 17 and does not become canonical authority
P17-L-033	docs/review/local-docker-opencue-job-submission-smoke-v0.md	local-docker-opencue-job-submission-smoke-v0	NONE_TRACKED_OR_DECLARATIVE_SURFACE	DECLARATIVE_OR_NO_TRACKED_CALLERS	delegated backend mechanism/evidence	OpenCue backend-internal authority only	CONTEXT_ONLY	DEFER	not required to close Phase 17 and does not become canonical authority
P17-L-034	docs/review/local-docker-opencue-shared-path-smoke-v0.md	local-docker-opencue-shared-path-smoke-v0	NONE_TRACKED_OR_DECLARATIVE_SURFACE	DECLARATIVE_OR_NO_TRACKED_CALLERS	delegated backend mechanism/evidence	OpenCue backend-internal authority only	CONTEXT_ONLY	DEFER	not required to close Phase 17 and does not become canonical authority
P17-L-035	docs/review/opencue-architecture-validation.md	opencue-architecture-validation	NONE_TRACKED_OR_DECLARATIVE_SURFACE	DECLARATIVE_OR_NO_TRACKED_CALLERS	delegated backend mechanism/evidence	OpenCue backend-internal authority only	CONTEXT_ONLY	DEFER	not required to close Phase 17 and does not become canonical authority
P17-L-036	docs/review/opencue-environment-phase1.md	opencue-environment-phase1	NONE_TRACKED_OR_DECLARATIVE_SURFACE	DECLARATIVE_OR_NO_TRACKED_CALLERS	delegated backend mechanism/evidence	OpenCue backend-internal authority only	CONTEXT_ONLY	DEFER	not required to close Phase 17 and does not become canonical authority
P17-L-037	docs/review/opencue-image-selection-runtime-readiness-v0.md	opencue-image-selection-runtime-readiness-v0	NONE_TRACKED_OR_DECLARATIVE_SURFACE	DECLARATIVE_OR_NO_TRACKED_CALLERS	delegated backend mechanism/evidence	OpenCue backend-internal authority only	CONTEXT_ONLY	DEFER	not required to close Phase 17 and does not become canonical authority
P17-L-038	docs/review/opencue-local-submit-feasibility.md	opencue-local-submit-feasibility	NONE_TRACKED_OR_DECLARATIVE_SURFACE	DECLARATIVE_OR_NO_TRACKED_CALLERS	delegated backend mechanism/evidence	OpenCue backend-internal authority only	CONTEXT_ONLY	DEFER	not required to close Phase 17 and does not become canonical authority
P17-L-039	docs/review/opencue-multiframe-multilayer-validation-v0.md	opencue-multiframe-multilayer-validation-v0	NONE_TRACKED_OR_DECLARATIVE_SURFACE	DECLARATIVE_OR_NO_TRACKED_CALLERS	delegated backend mechanism/evidence	OpenCue backend-internal authority only	CONTEXT_ONLY	DEFER	not required to close Phase 17 and does not become canonical authority
P17-L-040	docs/review/opencue-runtime-foundation.md	opencue-runtime-foundation	NONE_TRACKED_OR_DECLARATIVE_SURFACE	DECLARATIVE_OR_NO_TRACKED_CALLERS	delegated backend mechanism/evidence	OpenCue backend-internal authority only	CONTEXT_ONLY	DEFER	not required to close Phase 17 and does not become canonical authority
P17-L-041	docs/review/remotion-execution-policy-sandbox-design-v0.md	remotion-execution-policy-sandbox-design-v0	NONE_TRACKED_OR_DECLARATIVE_SURFACE	DECLARATIVE_OR_NO_TRACKED_CALLERS	supporting/historical documentation	non-canonical supporting evidence	CONTEXT_ONLY	DEFER	not required to close Phase 17 and does not become canonical authority
P17-L-042	docs/sandbox-security.md	sandbox-security	NONE_TRACKED_OR_DECLARATIVE_SURFACE	DECLARATIVE_OR_NO_TRACKED_CALLERS	supporting/historical documentation	non-canonical supporting evidence	CONTEXT_ONLY	DEFER	not required to close Phase 17 and does not become canonical authority
P17-L-043	extension-module/src/main/java/com/example/platform/extension/app/SandboxExecutionService.java	SandboxExecutionService	extension-module/src/test/java/com/example/platform/extension/app/ExtensionRegistryServiceTest.java<br>extension-module/src/test/java/com/example/platform/extension/app/ExtensionRegistryServiceV2Test.java<br>extension-module/src/test/java/com/example/platform/extension/app/SandboxExecutionServiceTest.java<br>platform-app/src/main/java/com/example/platform/lifecycle/PlatformGracefulShutdownCoordinator.java<br>sandbox-worker/src/main/java/com/example/platform/sandbox/worker/api/SandboxWorkerController.java<br>sandbox-worker/src/main/java/com/example/platform/sandbox/worker/app/SandboxExecutionService.java<br>sandbox-worker/src/test/java/com/example/platform/sandbox/worker/app/SandboxExecutionServiceTest.java<br>workflow-module/src/main/java/com/example/platform/workflow/temporal/UserWorkflowExecutionActivitiesImpl.java<br>workflow-module/src/test/java/com/example/platform/workflow/execution/architecture/UserWorkflowExecutionArchitectureGuardTest.java	CALLERS_DEPEND_ON_COMPONENT	extension/plugin code sandbox	legacy extension sandbox claim, not Phase 17 provider execution authority	DIRECT	MIGRATE_REDESIGN	runtime surface bypasses or conflicts with the frozen Phase 17 boundary and must migrate clean-forward
P17-L-044	extension-module/src/main/java/com/example/platform/extension/domain/ToolSandboxPolicy.java	ToolSandboxPolicy	extension-module/src/main/java/com/example/platform/extension/app/ProcessToolRunner.java<br>extension-module/src/main/java/com/example/platform/extension/config/CliToolRegistryBootstrap.java<br>extension-module/src/main/java/com/example/platform/extension/domain/InvocationContract.java<br>extension-module/src/main/java/com/example/platform/extension/domain/ResourceRequirement.java<br>extension-module/src/main/java/com/example/platform/extension/domain/ToolDefinition.java<br>extension-module/src/main/java/com/example/platform/extension/infrastructure/DefaultProcessToolRunner.java<br>extension-module/src/test/java/com/example/platform/extension/app/ToolRegistryTest.java<br>extension-module/src/test/java/com/example/platform/extension/infrastructure/DefaultProcessToolRunnerTest.java<br>render-module/src/main/java/com/example/platform/render/infrastructure/natron/NatronRenderProviderConfiguration.java<br>render-module/src/test/java/com/example/platform/render/api/CaptionTemplateRenderApiE2ESmokeTest.java<br>render-module/src/test/java/com/example/platform/render/app/caption/CaptionTemplateRenderDeliveryE2ESmokeTest.java<br>render-module/src/test/java/com/example/platform/render/app/caption/CaptionTemplateRenderE2ESmokeTest.java<br>render-module/src/test/java/com/example/platform/render/app/caption/CaptionTemplateRenderServiceTest.java<br>render-module/src/test/java/com/example/platform/render/app/timeline/TimelineRevisionRealRenderSmokeTest.java<br>render-module/src/test/java/com/example/platform/render/app/timeline/TimelineRevisionRenderServiceTest.java<br>render-module/src/test/java/com/example/platform/render/app/timeline/TimelineRevisionS3InputOutputRealRenderSmokeTest.java<br>render-module/src/test/java/com/example/platform/render/app/timeline/TimelineRevisionS3OutputRealRenderSmokeTest.java<br>render-module/src/test/java/com/example/platform/render/app/timeline/TimelineRevisionS3RealRenderSmokeTest.java<br>render-module/src/test/java/com/example/platform/render/app/timeline/compile/PlanBasedTimelineRevisionRenderSmokeTest.java<br>render-module/src/test/java/com/example/platform/render/app/timeline/compile/RenderCorrelationGraphPlanPropagationTest.java<br>render-module/src/test/java/com/example/platform/render/app/timeline/compile/TimelineRevisionRenderExecutionModeTest.java<br>render-module/src/test/java/com/example/platform/render/app/timeline/compile/TimelineRevisionRenderModeParityTest.java<br>render-module/src/test/java/com/example/platform/render/infrastructure/ProviderIntegrationSmokeTest.java<br>render-module/src/test/java/com/example/platform/render/infrastructure/ffmpeg/GoldenRenderE2ETest.java<br>render-module/src/test/java/com/example/platform/render/infrastructure/ffmpeg/GoldenRenderSmokeTest.java<br>render-module/src/test/java/com/example/platform/render/infrastructure/libass/LibassSubtitleCompositorTest.java<br>render-module/src/test/java/com/example/platform/render/infrastructure/plugin/FfmpegSelfDescriptionTest.java<br>render-module/src/test/java/com/example/platform/render/infrastructure/plugin/PluginCapabilityRegistryBoundaryTest.java<br>render-module/src/test/java/com/example/platform/render/integration/RealRenderSubtitleVerticalSliceIntegrationTest.java	CALLERS_DEPEND_ON_COMPONENT	extension/plugin code sandbox	legacy extension sandbox claim, not Phase 17 provider execution authority	DIRECT	MIGRATE_REDESIGN	runtime surface bypasses or conflicts with the frozen Phase 17 boundary and must migrate clean-forward
P17-L-045	extension-module/src/main/java/com/example/platform/extension/runtime/sandbox/SandboxConfiguration.java	SandboxConfiguration	NONE_TRACKED_OR_DECLARATIVE_SURFACE	DECLARATIVE_OR_NO_TRACKED_CALLERS	extension/plugin code sandbox	legacy extension sandbox claim, not Phase 17 provider execution authority	DIRECT	MIGRATE_REDESIGN	runtime surface bypasses or conflicts with the frozen Phase 17 boundary and must migrate clean-forward
P17-L-046	extension-module/src/main/java/com/example/platform/extension/runtime/sandbox/app/HttpSandboxWorkerAdapter.java	HttpSandboxWorkerAdapter	extension-module/src/test/java/com/example/platform/extension/runtime/internal/sandbox/app/HttpSandboxWorkerAdapterTest.java	CALLERS_DEPEND_ON_COMPONENT	extension/plugin code sandbox	legacy extension sandbox claim, not Phase 17 provider execution authority	DIRECT	MIGRATE_REDESIGN	runtime surface bypasses or conflicts with the frozen Phase 17 boundary and must migrate clean-forward
P17-L-047	extension-module/src/main/java/com/example/platform/extension/runtime/sandbox/app/NoopSandboxWorkerAdapter.java	NoopSandboxWorkerAdapter	extension-module/src/test/java/com/example/platform/extension/runtime/internal/sandbox/app/SandboxRuntimeServiceTest.java	CALLERS_DEPEND_ON_COMPONENT	extension/plugin code sandbox	legacy extension sandbox claim, not Phase 17 provider execution authority	DIRECT	MIGRATE_REDESIGN	runtime surface bypasses or conflicts with the frozen Phase 17 boundary and must migrate clean-forward
P17-L-048	extension-module/src/main/java/com/example/platform/extension/runtime/sandbox/app/SandboxExecutionMode.java	SandboxExecutionMode	extension-module/src/main/java/com/example/platform/extension/runtime/sandbox/app/SandboxProperties.java<br>extension-module/src/main/java/com/example/platform/extension/runtime/sandbox/app/SandboxRuntimeService.java<br>extension-module/src/test/java/com/example/platform/extension/runtime/internal/sandbox/app/HttpSandboxWorkerAdapterTest.java<br>extension-module/src/test/java/com/example/platform/extension/runtime/internal/sandbox/app/SandboxRuntimeServiceTest.java	CALLERS_DEPEND_ON_COMPONENT	extension/plugin code sandbox	legacy extension sandbox claim, not Phase 17 provider execution authority	DIRECT	MIGRATE_REDESIGN	runtime surface bypasses or conflicts with the frozen Phase 17 boundary and must migrate clean-forward
P17-L-049	extension-module/src/main/java/com/example/platform/extension/runtime/sandbox/app/SandboxProperties.java	SandboxProperties	extension-module/src/main/java/com/example/platform/extension/runtime/sandbox/SandboxConfiguration.java<br>extension-module/src/main/java/com/example/platform/extension/runtime/sandbox/app/HttpSandboxWorkerAdapter.java<br>extension-module/src/main/java/com/example/platform/extension/runtime/sandbox/app/SandboxRuntimeService.java<br>extension-module/src/test/java/com/example/platform/extension/runtime/internal/sandbox/app/HttpSandboxWorkerAdapterTest.java<br>extension-module/src/test/java/com/example/platform/extension/runtime/internal/sandbox/app/SandboxRuntimeServiceTest.java	CALLERS_DEPEND_ON_COMPONENT	extension/plugin code sandbox	legacy extension sandbox claim, not Phase 17 provider execution authority	DIRECT	MIGRATE_REDESIGN	runtime surface bypasses or conflicts with the frozen Phase 17 boundary and must migrate clean-forward
P17-L-050	extension-module/src/main/java/com/example/platform/extension/runtime/sandbox/app/SandboxRuntimeService.java	SandboxRuntimeService	extension-module/src/test/java/com/example/platform/extension/runtime/internal/sandbox/app/SandboxRuntimeServiceTest.java<br>platform-app/src/main/java/com/example/platform/lifecycle/PlatformGracefulShutdownCoordinator.java<br>platform-app/src/test/java/com/example/platform/ModularityTest.java	CALLERS_DEPEND_ON_COMPONENT	extension/plugin code sandbox	legacy extension sandbox claim, not Phase 17 provider execution authority	DIRECT	MIGRATE_REDESIGN	runtime surface bypasses or conflicts with the frozen Phase 17 boundary and must migrate clean-forward
P17-L-051	extension-module/src/main/java/com/example/platform/extension/runtime/sandbox/app/SandboxWorkerPort.java	SandboxWorkerPort	extension-module/src/main/java/com/example/platform/extension/runtime/sandbox/app/HttpSandboxWorkerAdapter.java<br>extension-module/src/main/java/com/example/platform/extension/runtime/sandbox/app/NoopSandboxWorkerAdapter.java<br>extension-module/src/main/java/com/example/platform/extension/runtime/sandbox/app/SandboxRuntimeService.java<br>extension-module/src/test/java/com/example/platform/extension/runtime/internal/sandbox/app/SandboxRuntimeServiceTest.java	CALLERS_DEPEND_ON_COMPONENT	extension/plugin code sandbox	legacy extension sandbox claim, not Phase 17 provider execution authority	DIRECT	MIGRATE_REDESIGN	runtime surface bypasses or conflicts with the frozen Phase 17 boundary and must migrate clean-forward
P17-L-052	extension-module/src/main/java/com/example/platform/extension/runtime/sandbox/app/SandboxWorkerRequest.java	SandboxWorkerRequest	extension-module/src/main/java/com/example/platform/extension/runtime/sandbox/app/HttpSandboxWorkerAdapter.java<br>extension-module/src/main/java/com/example/platform/extension/runtime/sandbox/app/NoopSandboxWorkerAdapter.java<br>extension-module/src/main/java/com/example/platform/extension/runtime/sandbox/app/SandboxRuntimeService.java<br>extension-module/src/main/java/com/example/platform/extension/runtime/sandbox/app/SandboxWorkerPort.java<br>extension-module/src/test/java/com/example/platform/extension/runtime/internal/sandbox/app/HttpSandboxWorkerAdapterTest.java<br>extension-module/src/test/java/com/example/platform/extension/runtime/internal/sandbox/app/SandboxRuntimeServiceTest.java	CALLERS_DEPEND_ON_COMPONENT	extension/plugin code sandbox	legacy extension sandbox claim, not Phase 17 provider execution authority	DIRECT	MIGRATE_REDESIGN	runtime surface bypasses or conflicts with the frozen Phase 17 boundary and must migrate clean-forward
P17-L-053	extension-module/src/main/java/com/example/platform/extension/runtime/sandbox/app/SandboxWorkerResult.java	SandboxWorkerResult	extension-module/src/main/java/com/example/platform/extension/runtime/sandbox/app/HttpSandboxWorkerAdapter.java<br>extension-module/src/main/java/com/example/platform/extension/runtime/sandbox/app/NoopSandboxWorkerAdapter.java<br>extension-module/src/main/java/com/example/platform/extension/runtime/sandbox/app/SandboxRuntimeService.java<br>extension-module/src/main/java/com/example/platform/extension/runtime/sandbox/app/SandboxWorkerPort.java<br>extension-module/src/test/java/com/example/platform/extension/runtime/internal/sandbox/app/HttpSandboxWorkerAdapterTest.java<br>extension-module/src/test/java/com/example/platform/extension/runtime/internal/sandbox/app/SandboxRuntimeServiceTest.java	CALLERS_DEPEND_ON_COMPONENT	extension/plugin code sandbox	legacy extension sandbox claim, not Phase 17 provider execution authority	DIRECT	MIGRATE_REDESIGN	runtime surface bypasses or conflicts with the frozen Phase 17 boundary and must migrate clean-forward
P17-L-054	extension-module/src/main/java/com/example/platform/extension/runtime/sandbox/domain/DefaultSandboxSecurityPolicy.java	DefaultSandboxSecurityPolicy	extension-module/src/test/java/com/example/platform/extension/runtime/internal/sandbox/app/SandboxRuntimeServiceTest.java	CALLERS_DEPEND_ON_COMPONENT	extension/plugin code sandbox	legacy extension sandbox claim, not Phase 17 provider execution authority	DIRECT	MIGRATE_REDESIGN	runtime surface bypasses or conflicts with the frozen Phase 17 boundary and must migrate clean-forward
P17-L-055	extension-module/src/main/java/com/example/platform/extension/runtime/sandbox/domain/SandboxExecutor.java	SandboxExecutor	extension-module/src/main/java/com/example/platform/extension/runtime/sandbox/app/SandboxRuntimeService.java<br>extension-module/src/test/java/com/example/platform/extension/runtime/internal/sandbox/app/SandboxRuntimeServiceTest.java	CALLERS_DEPEND_ON_COMPONENT	extension/plugin code sandbox	legacy extension sandbox claim, not Phase 17 provider execution authority	DIRECT	MIGRATE_REDESIGN	runtime surface bypasses or conflicts with the frozen Phase 17 boundary and must migrate clean-forward
P17-L-056	extension-module/src/main/java/com/example/platform/extension/runtime/sandbox/domain/SandboxSecurityPolicy.java	SandboxSecurityPolicy	extension-module/src/main/java/com/example/platform/extension/runtime/sandbox/app/SandboxRuntimeService.java<br>extension-module/src/main/java/com/example/platform/extension/runtime/sandbox/domain/DefaultSandboxSecurityPolicy.java	CALLERS_DEPEND_ON_COMPONENT	extension/plugin code sandbox	legacy extension sandbox claim, not Phase 17 provider execution authority	DIRECT	MIGRATE_REDESIGN	runtime surface bypasses or conflicts with the frozen Phase 17 boundary and must migrate clean-forward
P17-L-057	extension-module/src/test/java/com/example/platform/extension/app/SandboxExecutionServiceTest.java	SandboxExecutionServiceTest	sandbox-worker/src/test/java/com/example/platform/sandbox/worker/app/SandboxExecutionServiceTest.java	CALLERS_DEPEND_ON_COMPONENT	test evidence	no runtime authority	CONTEXT_ONLY	DEFER	not required to close Phase 17 and does not become canonical authority
P17-L-058	extension-module/src/test/java/com/example/platform/extension/runtime/internal/sandbox/app/HttpSandboxWorkerAdapterTest.java	HttpSandboxWorkerAdapterTest	NONE_TRACKED_OR_DECLARATIVE_SURFACE	DECLARATIVE_OR_NO_TRACKED_CALLERS	test evidence	no runtime authority	CONTEXT_ONLY	DEFER	not required to close Phase 17 and does not become canonical authority
P17-L-059	extension-module/src/test/java/com/example/platform/extension/runtime/internal/sandbox/app/SandboxRuntimeServiceTest.java	SandboxRuntimeServiceTest	NONE_TRACKED_OR_DECLARATIVE_SURFACE	DECLARATIVE_OR_NO_TRACKED_CALLERS	test evidence	no runtime authority	CONTEXT_ONLY	DEFER	not required to close Phase 17 and does not become canonical authority
P17-L-060	gitops/production/deployment-sandbox-worker.yaml	deployment-sandbox-worker	NONE_TRACKED_OR_DECLARATIVE_SURFACE	DECLARATIVE_OR_NO_TRACKED_CALLERS	deployment, build, configuration, or network mechanics	deployment mechanics only	DIRECT	REUSE_MECHANICS_ONLY	mechanics/evidence may be reused but cannot define Phase 17 semantics
P17-L-061	gitops/production/networkpolicy-sandbox-worker.yaml	networkpolicy-sandbox-worker	NONE_TRACKED_OR_DECLARATIVE_SURFACE	DECLARATIVE_OR_NO_TRACKED_CALLERS	deployment, build, configuration, or network mechanics	deployment mechanics only	DIRECT	REUSE_MECHANICS_ONLY	mechanics/evidence may be reused but cannot define Phase 17 semantics
P17-L-062	gitops/production/service-sandbox-worker.yaml	service-sandbox-worker	NONE_TRACKED_OR_DECLARATIVE_SURFACE	DECLARATIVE_OR_NO_TRACKED_CALLERS	deployment, build, configuration, or network mechanics	deployment mechanics only	DIRECT	REUSE_MECHANICS_ONLY	mechanics/evidence may be reused but cannot define Phase 17 semantics
P17-L-063	gitops/staging/deployment-sandbox-worker.yaml	deployment-sandbox-worker	NONE_TRACKED_OR_DECLARATIVE_SURFACE	DECLARATIVE_OR_NO_TRACKED_CALLERS	deployment, build, configuration, or network mechanics	deployment mechanics only	DIRECT	REUSE_MECHANICS_ONLY	mechanics/evidence may be reused but cannot define Phase 17 semantics
P17-L-064	gitops/staging/networkpolicy-sandbox-worker.yaml	networkpolicy-sandbox-worker	NONE_TRACKED_OR_DECLARATIVE_SURFACE	DECLARATIVE_OR_NO_TRACKED_CALLERS	deployment, build, configuration, or network mechanics	deployment mechanics only	DIRECT	REUSE_MECHANICS_ONLY	mechanics/evidence may be reused but cannot define Phase 17 semantics
P17-L-065	gitops/staging/service-sandbox-worker.yaml	service-sandbox-worker	NONE_TRACKED_OR_DECLARATIVE_SURFACE	DECLARATIVE_OR_NO_TRACKED_CALLERS	deployment, build, configuration, or network mechanics	deployment mechanics only	DIRECT	REUSE_MECHANICS_ONLY	mechanics/evidence may be reused but cannot define Phase 17 semantics
P17-L-066	k8s/base/deployment-sandbox-worker.yaml	deployment-sandbox-worker	NONE_TRACKED_OR_DECLARATIVE_SURFACE	DECLARATIVE_OR_NO_TRACKED_CALLERS	deployment, build, configuration, or network mechanics	deployment mechanics only	DIRECT	REUSE_MECHANICS_ONLY	mechanics/evidence may be reused but cannot define Phase 17 semantics
P17-L-067	k8s/base/networkpolicy-sandbox-worker.yaml	networkpolicy-sandbox-worker	NONE_TRACKED_OR_DECLARATIVE_SURFACE	DECLARATIVE_OR_NO_TRACKED_CALLERS	deployment, build, configuration, or network mechanics	deployment mechanics only	DIRECT	REUSE_MECHANICS_ONLY	mechanics/evidence may be reused but cannot define Phase 17 semantics
P17-L-068	k8s/base/service-sandbox-worker.yaml	service-sandbox-worker	NONE_TRACKED_OR_DECLARATIVE_SURFACE	DECLARATIVE_OR_NO_TRACKED_CALLERS	deployment, build, configuration, or network mechanics	deployment mechanics only	DIRECT	REUSE_MECHANICS_ONLY	mechanics/evidence may be reused but cannot define Phase 17 semantics
P17-L-069	k8s/deployment-sandbox-worker.yaml	deployment-sandbox-worker	NONE_TRACKED_OR_DECLARATIVE_SURFACE	DECLARATIVE_OR_NO_TRACKED_CALLERS	deployment, build, configuration, or network mechanics	deployment mechanics only	DIRECT	REUSE_MECHANICS_ONLY	mechanics/evidence may be reused but cannot define Phase 17 semantics
P17-L-070	k8s/networkpolicy-sandbox-worker.yaml	networkpolicy-sandbox-worker	NONE_TRACKED_OR_DECLARATIVE_SURFACE	DECLARATIVE_OR_NO_TRACKED_CALLERS	deployment, build, configuration, or network mechanics	deployment mechanics only	DIRECT	REUSE_MECHANICS_ONLY	mechanics/evidence may be reused but cannot define Phase 17 semantics
P17-L-071	k8s/service-sandbox-worker.yaml	service-sandbox-worker	NONE_TRACKED_OR_DECLARATIVE_SURFACE	DECLARATIVE_OR_NO_TRACKED_CALLERS	deployment, build, configuration, or network mechanics	deployment mechanics only	DIRECT	REUSE_MECHANICS_ONLY	mechanics/evidence may be reused but cannot define Phase 17 semantics
P17-L-072	outbox-event-module/src/main/java/com/example/platform/outbox/coordination/LocalProcessExecutionBackend.java	LocalProcessExecutionBackend	outbox-event-module/src/main/java/com/example/platform/outbox/coordination/ExecutionBackend.java	CALLERS_DEPEND_ON_COMPONENT	direct local process execution	current process mechanism requiring Phase 17 boundary migration	DIRECT	MIGRATE_REDESIGN	runtime surface bypasses or conflicts with the frozen Phase 17 boundary and must migrate clean-forward
P17-L-073	platform-app/src/main/java/com/example/platform/ingest/preflight/ffprobe/FFprobeMediaMetadataProvider.java	FFprobeMediaMetadataProvider	platform-app/src/main/java/com/example/platform/ingest/preflight/IngestMetadataMerger.java<br>platform-app/src/test/java/com/example/platform/ingest/preflight/IngestMetadataMergerTest.java<br>platform-app/src/test/java/com/example/platform/ingest/preflight/UploadReportOnlyPreflightHookIntegrationTest.java<br>platform-app/src/test/java/com/example/platform/ingest/preflight/UploadReportOnlyPreflightHookTest.java<br>platform-app/src/test/java/com/example/platform/ingest/preflight/ffprobe/FFprobeMediaMetadataProviderTest.java	CALLERS_DEPEND_ON_COMPONENT	direct local process execution	current process mechanism requiring Phase 17 boundary migration	DIRECT	MIGRATE_REDESIGN	runtime surface bypasses or conflicts with the frozen Phase 17 boundary and must migrate clean-forward
P17-L-074	platform-app/src/test/java/com/example/platform/SandboxRuntimeConvergenceTest.java	SandboxRuntimeConvergenceTest	NONE_TRACKED_OR_DECLARATIVE_SURFACE	DECLARATIVE_OR_NO_TRACKED_CALLERS	test evidence	no runtime authority	CONTEXT_ONLY	DEFER	not required to close Phase 17 and does not become canonical authority
P17-L-075	render-module/src/main/java/com/example/platform/render/app/aaf/AafConversionService.java	AafConversionService	platform-app/src/main/java/com/example/platform/web/media/McpMediaToolsController.java<br>render-module/src/main/java/com/example/platform/render/app/aaf/AafConversionWorkerProcessor.java<br>render-module/src/test/java/com/example/platform/render/app/aaf/AafConversionServiceTest.java	CALLERS_DEPEND_ON_COMPONENT	direct local process execution	current process mechanism requiring Phase 17 boundary migration	DIRECT	MIGRATE_REDESIGN	runtime surface bypasses or conflicts with the frozen Phase 17 boundary and must migrate clean-forward
P17-L-076	render-module/src/main/java/com/example/platform/render/domain/environment/OpenCueJobSpec.java	OpenCueJobSpec	render-module/src/main/java/com/example/platform/render/domain/environment/OpenCueJobSpecValidator.java<br>render-module/src/test/java/com/example/platform/render/domain/environment/OpenCueJobSpecValidatorTest.java<br>render-module/src/test/java/com/example/platform/render/infrastructure/environment/OpenCueEnvironmentTest.java	CALLERS_DEPEND_ON_COMPONENT	delegated backend mechanism/evidence	OpenCue backend-internal authority only	CONTEXT_ONLY	DEFER	not required to close Phase 17 and does not become canonical authority
P17-L-077	render-module/src/main/java/com/example/platform/render/domain/environment/OpenCueJobSpecValidator.java	OpenCueJobSpecValidator	render-module/src/main/java/com/example/platform/render/infrastructure/environment/OpenCueExecutionEnvironment.java<br>render-module/src/test/java/com/example/platform/render/domain/environment/OpenCueJobSpecValidatorTest.java<br>render-module/src/test/java/com/example/platform/render/infrastructure/environment/OpenCueEnvironmentTest.java<br>render-module/src/test/java/com/example/platform/render/infrastructure/environment/OpenCueSubmissionSliceTest.java	CALLERS_DEPEND_ON_COMPONENT	delegated backend mechanism/evidence	OpenCue backend-internal authority only	CONTEXT_ONLY	DEFER	not required to close Phase 17 and does not become canonical authority
P17-L-078	render-module/src/main/java/com/example/platform/render/domain/environment/OpenCueProperties.java	OpenCueProperties	render-module/src/main/java/com/example/platform/render/domain/environment/OpenCueJobSpecValidator.java<br>render-module/src/main/java/com/example/platform/render/infrastructure/RenderModuleConfiguration.java<br>render-module/src/main/java/com/example/platform/render/infrastructure/environment/DefaultOpenCueSubmissionClient.java<br>render-module/src/main/java/com/example/platform/render/infrastructure/environment/OpenCueEnvironmentCompiler.java<br>render-module/src/main/java/com/example/platform/render/infrastructure/environment/OpenCueExecutionEnvironment.java<br>render-module/src/test/java/com/example/platform/render/domain/environment/OpenCueJobSpecValidatorTest.java<br>render-module/src/test/java/com/example/platform/render/domain/environment/OpenCuePropertiesTest.java<br>render-module/src/test/java/com/example/platform/render/infrastructure/environment/OpenCueEnvironmentTest.java<br>render-module/src/test/java/com/example/platform/render/infrastructure/environment/OpenCueSubmissionSliceTest.java	CALLERS_DEPEND_ON_COMPONENT	delegated backend mechanism/evidence	OpenCue backend-internal authority only	CONTEXT_ONLY	DEFER	not required to close Phase 17 and does not become canonical authority
P17-L-079	render-module/src/main/java/com/example/platform/render/domain/environment/OpenCueSubmissionClient.java	OpenCueSubmissionClient	render-module/src/main/java/com/example/platform/render/infrastructure/environment/DefaultOpenCueSubmissionClient.java<br>render-module/src/main/java/com/example/platform/render/infrastructure/environment/OpenCueExecutionEnvironment.java<br>render-module/src/test/java/com/example/platform/render/infrastructure/environment/OpenCueEnvironmentTest.java<br>render-module/src/test/java/com/example/platform/render/infrastructure/environment/OpenCueSubmissionSliceTest.java	CALLERS_DEPEND_ON_COMPONENT	delegated backend mechanism/evidence	OpenCue backend-internal authority only	CONTEXT_ONLY	DEFER	not required to close Phase 17 and does not become canonical authority
P17-L-080	render-module/src/main/java/com/example/platform/render/domain/environment/OpenCueSubmissionError.java	OpenCueSubmissionError	render-module/src/main/java/com/example/platform/render/domain/environment/OpenCueSubmissionResult.java<br>render-module/src/main/java/com/example/platform/render/infrastructure/environment/DefaultOpenCueSubmissionClient.java<br>render-module/src/main/java/com/example/platform/render/infrastructure/environment/OpenCueExecutionEnvironment.java<br>render-module/src/test/java/com/example/platform/render/infrastructure/environment/OpenCueSubmissionSliceTest.java	CALLERS_DEPEND_ON_COMPONENT	delegated backend mechanism/evidence	OpenCue backend-internal authority only	CONTEXT_ONLY	DEFER	not required to close Phase 17 and does not become canonical authority
P17-L-081	render-module/src/main/java/com/example/platform/render/domain/environment/OpenCueSubmissionRequest.java	OpenCueSubmissionRequest	render-module/src/main/java/com/example/platform/render/domain/environment/OpenCueSubmissionClient.java<br>render-module/src/main/java/com/example/platform/render/infrastructure/environment/DefaultOpenCueSubmissionClient.java<br>render-module/src/main/java/com/example/platform/render/infrastructure/environment/OpenCueExecutionEnvironment.java<br>render-module/src/test/java/com/example/platform/render/infrastructure/environment/OpenCueSubmissionSliceTest.java	CALLERS_DEPEND_ON_COMPONENT	delegated backend mechanism/evidence	OpenCue backend-internal authority only	CONTEXT_ONLY	DEFER	not required to close Phase 17 and does not become canonical authority
P17-L-082	render-module/src/main/java/com/example/platform/render/domain/environment/OpenCueSubmissionResult.java	OpenCueSubmissionResult	render-module/src/main/java/com/example/platform/render/domain/environment/OpenCueSubmissionClient.java<br>render-module/src/main/java/com/example/platform/render/infrastructure/environment/DefaultOpenCueSubmissionClient.java<br>render-module/src/main/java/com/example/platform/render/infrastructure/environment/OpenCueExecutionEnvironment.java<br>render-module/src/test/java/com/example/platform/render/infrastructure/environment/OpenCueSubmissionSliceTest.java	CALLERS_DEPEND_ON_COMPONENT	delegated backend mechanism/evidence	OpenCue backend-internal authority only	CONTEXT_ONLY	DEFER	not required to close Phase 17 and does not become canonical authority
P17-L-083	render-module/src/main/java/com/example/platform/render/domain/remotion/RemotionSandboxPolicy.java	RemotionSandboxPolicy	render-module/src/main/java/com/example/platform/render/domain/remotion/RemotionExecutionPolicyEvaluator.java<br>render-module/src/main/java/com/example/platform/render/domain/remotion/RemotionLocalExecutionRequest.java<br>render-module/src/main/java/com/example/platform/render/domain/remotion/RemotionLocalExecutionRunner.java<br>render-module/src/test/java/com/example/platform/render/domain/remotion/RemotionExecutionPolicyTest.java<br>render-module/src/test/java/com/example/platform/render/domain/remotion/RemotionLocalExecutionAuditTest.java<br>render-module/src/test/java/com/example/platform/render/domain/remotion/RemotionLocalExecutionRunnerTest.java	CALLERS_DEPEND_ON_COMPONENT	related existing surface	no Phase 17 canonical authority	CONTEXT_ONLY	DEFER	not required to close Phase 17 and does not become canonical authority
P17-L-084	render-module/src/main/java/com/example/platform/render/infrastructure/FFprobeMediaProbeAdapter.java	FFprobeMediaProbeAdapter	NONE_TRACKED_OR_DECLARATIVE_SURFACE	DECLARATIVE_OR_NO_TRACKED_CALLERS	direct local process execution	current process mechanism requiring Phase 17 boundary migration	DIRECT	MIGRATE_REDESIGN	runtime surface bypasses or conflicts with the frozen Phase 17 boundary and must migrate clean-forward
P17-L-085	render-module/src/main/java/com/example/platform/render/infrastructure/FfmpegEnvironmentCheck.java	FfmpegEnvironmentCheck	render-module/src/test/java/com/example/platform/render/infrastructure/smoke/CaptionedVideoExportSmokeTest.java	CALLERS_DEPEND_ON_COMPONENT	direct local process execution	current process mechanism requiring Phase 17 boundary migration	DIRECT	MIGRATE_REDESIGN	runtime surface bypasses or conflicts with the frozen Phase 17 boundary and must migrate clean-forward
P17-L-086	render-module/src/main/java/com/example/platform/render/infrastructure/NodeEnvironmentCheck.java	NodeEnvironmentCheck	NONE_TRACKED_OR_DECLARATIVE_SURFACE	DECLARATIVE_OR_NO_TRACKED_CALLERS	direct local process execution	current process mechanism requiring Phase 17 boundary migration	DIRECT	MIGRATE_REDESIGN	runtime surface bypasses or conflicts with the frozen Phase 17 boundary and must migrate clean-forward
P17-L-087	render-module/src/main/java/com/example/platform/render/infrastructure/RemotionEnvironmentCheck.java	RemotionEnvironmentCheck	NONE_TRACKED_OR_DECLARATIVE_SURFACE	DECLARATIVE_OR_NO_TRACKED_CALLERS	direct local process execution	current process mechanism requiring Phase 17 boundary migration	DIRECT	MIGRATE_REDESIGN	runtime surface bypasses or conflicts with the frozen Phase 17 boundary and must migrate clean-forward
P17-L-088	render-module/src/main/java/com/example/platform/render/infrastructure/RenderToolCapabilityInventory.java	RenderToolCapabilityInventory	extension-module/src/main/java/com/example/platform/extension/app/PluginHealthRegistry.java<br>extension-module/src/main/java/com/example/platform/extension/domain/PluginHealth.java<br>render-module/src/main/java/com/example/platform/render/app/caption/CaptionTemplateRenderService.java<br>render-module/src/main/java/com/example/platform/render/app/timeline/compile/PlanBasedTimelineRevisionRenderService.java<br>render-module/src/main/java/com/example/platform/render/app/timeline/compile/RenderExecutionStepExecutor.java<br>render-module/src/main/java/com/example/platform/render/domain/remotion/RemotionRuntimeProbe.java<br>render-module/src/test/java/com/example/platform/render/api/CaptionTemplateRenderApiE2ESmokeTest.java<br>render-module/src/test/java/com/example/platform/render/app/caption/CaptionTemplateRenderDeliveryE2ESmokeTest.java<br>render-module/src/test/java/com/example/platform/render/app/caption/CaptionTemplateRenderE2ESmokeTest.java<br>render-module/src/test/java/com/example/platform/render/app/caption/CaptionTemplateRenderServiceTest.java<br>render-module/src/test/java/com/example/platform/render/app/timeline/compile/PlanBasedTimelineRevisionRenderSmokeTest.java<br>render-module/src/test/java/com/example/platform/render/app/timeline/compile/RenderCorrelationGraphPlanPropagationTest.java<br>render-module/src/test/java/com/example/platform/render/app/timeline/compile/TimelineRevisionRenderExecutionModeTest.java<br>render-module/src/test/java/com/example/platform/render/app/timeline/compile/TimelineRevisionRenderModeParityTest.java<br>render-module/src/test/java/com/example/platform/render/domain/remotion/RemotionExecutionPolicyTest.java<br>render-module/src/test/java/com/example/platform/render/domain/remotion/RemotionLocalExecutionAuditTest.java<br>render-module/src/test/java/com/example/platform/render/domain/remotion/RemotionLocalExecutionRunnerTest.java<br>render-module/src/test/java/com/example/platform/render/domain/remotion/RemotionRuntimeAvailabilityTest.java<br>render-module/src/test/java/com/example/platform/render/infrastructure/RenderToolCapabilityInventoryTest.java<br>render-module/src/test/java/com/example/platform/render/integration/RealRenderSubtitleVerticalSliceIntegrationTest.java	CALLERS_DEPEND_ON_COMPONENT	direct local process execution	current process mechanism requiring Phase 17 boundary migration	DIRECT	MIGRATE_REDESIGN	runtime surface bypasses or conflicts with the frozen Phase 17 boundary and must migrate clean-forward
P17-L-089	render-module/src/main/java/com/example/platform/render/infrastructure/asset/provider/FfprobeMetadataProvider.java	FfprobeMetadataProvider	render-module/src/test/java/com/example/platform/render/infrastructure/asset/provider/FfprobeMetadataProviderTest.java	CALLERS_DEPEND_ON_COMPONENT	direct local process execution	current process mechanism requiring Phase 17 boundary migration	DIRECT	MIGRATE_REDESIGN	runtime surface bypasses or conflicts with the frozen Phase 17 boundary and must migrate clean-forward
P17-L-090	render-module/src/main/java/com/example/platform/render/infrastructure/environment/DefaultOpenCueSubmissionClient.java	DefaultOpenCueSubmissionClient	render-module/src/test/java/com/example/platform/render/infrastructure/environment/OpenCueEnvironmentTest.java<br>render-module/src/test/java/com/example/platform/render/infrastructure/environment/OpenCueSubmissionSliceTest.java	CALLERS_DEPEND_ON_COMPONENT	delegated backend mechanism/evidence	OpenCue backend-internal authority only	CONTEXT_ONLY	DEFER	not required to close Phase 17 and does not become canonical authority
P17-L-091	render-module/src/main/java/com/example/platform/render/infrastructure/environment/OpenCueEnvironmentCompiler.java	OpenCueEnvironmentCompiler	render-module/src/test/java/com/example/platform/render/infrastructure/environment/OpenCueEnvironmentTest.java	CALLERS_DEPEND_ON_COMPONENT	delegated backend mechanism/evidence	OpenCue backend-internal authority only	CONTEXT_ONLY	DEFER	not required to close Phase 17 and does not become canonical authority
P17-L-092	render-module/src/main/java/com/example/platform/render/infrastructure/environment/OpenCueExecutionEnvironment.java	OpenCueExecutionEnvironment	render-module/src/test/java/com/example/platform/render/infrastructure/environment/OpenCueEnvironmentTest.java<br>render-module/src/test/java/com/example/platform/render/infrastructure/environment/OpenCueSubmissionSliceTest.java	CALLERS_DEPEND_ON_COMPONENT	delegated backend mechanism/evidence	OpenCue backend-internal authority only	CONTEXT_ONLY	DEFER	not required to close Phase 17 and does not become canonical authority
P17-L-093	render-module/src/main/java/com/example/platform/render/infrastructure/font/FontToolsMetadataExtractor.java	FontToolsMetadataExtractor	render-module/src/test/java/com/example/platform/render/infrastructure/font/FontToolAdapterSkeletonTest.java	CALLERS_DEPEND_ON_COMPONENT	direct local process execution	current process mechanism requiring Phase 17 boundary migration	DIRECT	MIGRATE_REDESIGN	runtime surface bypasses or conflicts with the frozen Phase 17 boundary and must migrate clean-forward
P17-L-094	render-module/src/main/java/com/example/platform/render/infrastructure/font/PyftsubsetFontSubsetter.java	PyftsubsetFontSubsetter	render-module/src/test/java/com/example/platform/render/infrastructure/font/FontToolAdapterSkeletonTest.java	CALLERS_DEPEND_ON_COMPONENT	direct local process execution	current process mechanism requiring Phase 17 boundary migration	DIRECT	MIGRATE_REDESIGN	runtime surface bypasses or conflicts with the frozen Phase 17 boundary and must migrate clean-forward
P17-L-095	render-module/src/main/java/com/example/platform/render/infrastructure/queue/FFmpegSimpleProvider.java	FFmpegSimpleProvider	NONE_TRACKED_OR_DECLARATIVE_SURFACE	DECLARATIVE_OR_NO_TRACKED_CALLERS	direct local process execution	current process mechanism requiring Phase 17 boundary migration	DIRECT	MIGRATE_REDESIGN	runtime surface bypasses or conflicts with the frozen Phase 17 boundary and must migrate clean-forward
P17-L-096	render-module/src/main/java/com/example/platform/render/infrastructure/remotion/CliRemotionRenderer.java	CliRemotionRenderer	NONE_TRACKED_OR_DECLARATIVE_SURFACE	DECLARATIVE_OR_NO_TRACKED_CALLERS	direct local process execution	current process mechanism requiring Phase 17 boundary migration	DIRECT	MIGRATE_REDESIGN	runtime surface bypasses or conflicts with the frozen Phase 17 boundary and must migrate clean-forward
P17-L-097	render-module/src/main/java/com/example/platform/render/infrastructure/renderplan/FFmpegTool.java	FFmpegTool	render-module/src/main/java/com/example/platform/render/infrastructure/renderplan/ToolRouter.java	CALLERS_DEPEND_ON_COMPONENT	direct local process execution	current process mechanism requiring Phase 17 boundary migration	DIRECT	MIGRATE_REDESIGN	runtime surface bypasses or conflicts with the frozen Phase 17 boundary and must migrate clean-forward
P17-L-098	render-module/src/main/java/com/example/platform/render/infrastructure/smoke/BasicRenderPlanLocalRunner.java	BasicRenderPlanLocalRunner	render-module/src/test/java/com/example/platform/render/infrastructure/smoke/BasicRenderPlanCaptionOverlayLocalRunnerIntegrationTest.java<br>render-module/src/test/java/com/example/platform/render/infrastructure/smoke/BasicRenderPlanLocalRunnerIntegrationTest.java<br>render-module/src/test/java/com/example/platform/render/infrastructure/smoke/BasicRenderPlanLocalRunnerTest.java<br>render-module/src/test/java/com/example/platform/render/infrastructure/smoke/RealMediaSourceLocalRunnerIntegrationTest.java	CALLERS_DEPEND_ON_COMPONENT	direct local process execution	current process mechanism requiring Phase 17 boundary migration	DIRECT	MIGRATE_REDESIGN	runtime surface bypasses or conflicts with the frozen Phase 17 boundary and must migrate clean-forward
P17-L-099	render-module/src/main/java/com/example/platform/render/infrastructure/smoke/LocalProcessRunner.java	LocalProcessRunner	render-module/src/main/java/com/example/platform/render/infrastructure/smoke/BasicRenderPlanLocalRunner.java<br>render-module/src/main/java/com/example/platform/render/infrastructure/smoke/LocalFfprobeValidator.java<br>render-module/src/main/java/com/example/platform/render/infrastructure/smoke/LocalMediaSourceFixtureGenerator.java<br>render-module/src/main/java/com/example/platform/render/infrastructure/smoke/LocalRenderSmokeHarness.java	CALLERS_DEPEND_ON_COMPONENT	direct local process execution	current process mechanism requiring Phase 17 boundary migration	DIRECT	MIGRATE_REDESIGN	runtime surface bypasses or conflicts with the frozen Phase 17 boundary and must migrate clean-forward
P17-L-100	render-module/src/main/java/com/example/platform/render/infrastructure/smoke/LocalRenderSmokeHarness.java	LocalRenderSmokeHarness	render-module/src/test/java/com/example/platform/render/infrastructure/smoke/LocalRenderSmokeHarnessIntegrationTest.java<br>render-module/src/test/java/com/example/platform/render/infrastructure/smoke/LocalRenderSmokeHarnessTest.java	CALLERS_DEPEND_ON_COMPONENT	direct local process execution	current process mechanism requiring Phase 17 boundary migration	DIRECT	MIGRATE_REDESIGN	runtime surface bypasses or conflicts with the frozen Phase 17 boundary and must migrate clean-forward
P17-L-101	render-module/src/test/java/com/example/platform/render/domain/environment/OpenCueJobSpecValidatorTest.java	OpenCueJobSpecValidatorTest	NONE_TRACKED_OR_DECLARATIVE_SURFACE	DECLARATIVE_OR_NO_TRACKED_CALLERS	test evidence	no runtime authority	CONTEXT_ONLY	DEFER	not required to close Phase 17 and does not become canonical authority
P17-L-102	render-module/src/test/java/com/example/platform/render/domain/environment/OpenCuePropertiesTest.java	OpenCuePropertiesTest	NONE_TRACKED_OR_DECLARATIVE_SURFACE	DECLARATIVE_OR_NO_TRACKED_CALLERS	test evidence	no runtime authority	CONTEXT_ONLY	DEFER	not required to close Phase 17 and does not become canonical authority
P17-L-103	render-module/src/test/java/com/example/platform/render/infrastructure/environment/OpenCueEnvironmentTest.java	OpenCueEnvironmentTest	NONE_TRACKED_OR_DECLARATIVE_SURFACE	DECLARATIVE_OR_NO_TRACKED_CALLERS	test evidence	no runtime authority	CONTEXT_ONLY	DEFER	not required to close Phase 17 and does not become canonical authority
P17-L-104	render-module/src/test/java/com/example/platform/render/infrastructure/environment/OpenCueSubmissionSliceTest.java	OpenCueSubmissionSliceTest	NONE_TRACKED_OR_DECLARATIVE_SURFACE	DECLARATIVE_OR_NO_TRACKED_CALLERS	test evidence	no runtime authority	CONTEXT_ONLY	DEFER	not required to close Phase 17 and does not become canonical authority
P17-L-105	sandbox-worker/Dockerfile	Dockerfile	NONE_TRACKED_OR_DECLARATIVE_SURFACE	DECLARATIVE_OR_NO_TRACKED_CALLERS	deployment, build, configuration, or network mechanics	deployment mechanics only	DIRECT	REUSE_MECHANICS_ONLY	mechanics/evidence may be reused but cannot define Phase 17 semantics
P17-L-106	sandbox-worker/bin/main/application.yml	application	NONE_TRACKED_OR_DECLARATIVE_SURFACE	DECLARATIVE_OR_NO_TRACKED_CALLERS	deployment, build, configuration, or network mechanics	deployment mechanics only	DIRECT	REUSE_MECHANICS_ONLY	mechanics/evidence may be reused but cannot define Phase 17 semantics
P17-L-107	sandbox-worker/build.gradle.kts	build.gradle	NONE_TRACKED_OR_DECLARATIVE_SURFACE	DECLARATIVE_OR_NO_TRACKED_CALLERS	deployment, build, configuration, or network mechanics	deployment mechanics only	DIRECT	REUSE_MECHANICS_ONLY	mechanics/evidence may be reused but cannot define Phase 17 semantics
P17-L-108	sandbox-worker/src/main/java/com/example/platform/sandbox/worker/SandboxWorkerApplication.java	SandboxWorkerApplication	NONE_TRACKED_OR_DECLARATIVE_SURFACE	DECLARATIVE_OR_NO_TRACKED_CALLERS	standalone historical sandbox worker	application/process mechanism, not canonical WorkerRuntime	DIRECT	MIGRATE_REDESIGN	runtime surface bypasses or conflicts with the frozen Phase 17 boundary and must migrate clean-forward
P17-L-109	sandbox-worker/src/main/java/com/example/platform/sandbox/worker/api/SandboxWorkerController.java	SandboxWorkerController	NONE_TRACKED_OR_DECLARATIVE_SURFACE	DECLARATIVE_OR_NO_TRACKED_CALLERS	standalone historical sandbox worker	application/process mechanism, not canonical WorkerRuntime	DIRECT	MIGRATE_REDESIGN	runtime surface bypasses or conflicts with the frozen Phase 17 boundary and must migrate clean-forward
P17-L-110	sandbox-worker/src/main/java/com/example/platform/sandbox/worker/app/SandboxExecutionResult.java	SandboxExecutionResult	sandbox-worker/src/main/java/com/example/platform/sandbox/worker/api/SandboxWorkerController.java<br>sandbox-worker/src/main/java/com/example/platform/sandbox/worker/app/SandboxExecutionService.java<br>sandbox-worker/src/test/java/com/example/platform/sandbox/worker/app/SandboxExecutionServiceTest.java	CALLERS_DEPEND_ON_COMPONENT	standalone historical sandbox worker	application/process mechanism, not canonical WorkerRuntime	DIRECT	MIGRATE_REDESIGN	runtime surface bypasses or conflicts with the frozen Phase 17 boundary and must migrate clean-forward
P17-L-111	sandbox-worker/src/main/java/com/example/platform/sandbox/worker/app/SandboxExecutionService.java	SandboxExecutionService	extension-module/src/main/java/com/example/platform/extension/app/SandboxExecutionService.java<br>extension-module/src/test/java/com/example/platform/extension/app/ExtensionRegistryServiceTest.java<br>extension-module/src/test/java/com/example/platform/extension/app/ExtensionRegistryServiceV2Test.java<br>extension-module/src/test/java/com/example/platform/extension/app/SandboxExecutionServiceTest.java<br>platform-app/src/main/java/com/example/platform/lifecycle/PlatformGracefulShutdownCoordinator.java<br>sandbox-worker/src/main/java/com/example/platform/sandbox/worker/api/SandboxWorkerController.java<br>sandbox-worker/src/test/java/com/example/platform/sandbox/worker/app/SandboxExecutionServiceTest.java<br>workflow-module/src/main/java/com/example/platform/workflow/temporal/UserWorkflowExecutionActivitiesImpl.java<br>workflow-module/src/test/java/com/example/platform/workflow/execution/architecture/UserWorkflowExecutionArchitectureGuardTest.java	CALLERS_DEPEND_ON_COMPONENT	standalone historical sandbox worker	application/process mechanism, not canonical WorkerRuntime	DIRECT	MIGRATE_REDESIGN	runtime surface bypasses or conflicts with the frozen Phase 17 boundary and must migrate clean-forward
P17-L-112	sandbox-worker/src/main/java/com/example/platform/sandbox/worker/config/SandboxWorkerConfig.java	SandboxWorkerConfig	NONE_TRACKED_OR_DECLARATIVE_SURFACE	DECLARATIVE_OR_NO_TRACKED_CALLERS	standalone historical sandbox worker	application/process mechanism, not canonical WorkerRuntime	DIRECT	MIGRATE_REDESIGN	runtime surface bypasses or conflicts with the frozen Phase 17 boundary and must migrate clean-forward
P17-L-113	sandbox-worker/src/main/java/com/example/platform/sandbox/worker/config/SandboxWorkerProperties.java	SandboxWorkerProperties	sandbox-worker/src/main/java/com/example/platform/sandbox/worker/app/SandboxExecutionService.java<br>sandbox-worker/src/main/java/com/example/platform/sandbox/worker/config/SandboxWorkerConfig.java<br>sandbox-worker/src/test/java/com/example/platform/sandbox/worker/app/SandboxExecutionServiceTest.java	CALLERS_DEPEND_ON_COMPONENT	standalone historical sandbox worker	application/process mechanism, not canonical WorkerRuntime	DIRECT	MIGRATE_REDESIGN	runtime surface bypasses or conflicts with the frozen Phase 17 boundary and must migrate clean-forward
P17-L-114	sandbox-worker/src/main/resources/application.yml	application	NONE_TRACKED_OR_DECLARATIVE_SURFACE	DECLARATIVE_OR_NO_TRACKED_CALLERS	deployment, build, configuration, or network mechanics	deployment mechanics only	DIRECT	REUSE_MECHANICS_ONLY	mechanics/evidence may be reused but cannot define Phase 17 semantics
P17-L-115	sandbox-worker/src/test/java/com/example/platform/sandbox/worker/app/SandboxExecutionServiceTest.java	SandboxExecutionServiceTest	extension-module/src/test/java/com/example/platform/extension/app/SandboxExecutionServiceTest.java	CALLERS_DEPEND_ON_COMPONENT	test evidence	no runtime authority	CONTEXT_ONLY	DEFER	not required to close Phase 17 and does not become canonical authority
P17-L-116	typed-schema-module/src/main/java/com/example/platform/typedschema/jooq/generated/tables/SandboxExecutionJob.java	SandboxExecutionJob	typed-schema-module/src/main/java/com/example/platform/typedschema/jooq/generated/Indexes.java<br>typed-schema-module/src/main/java/com/example/platform/typedschema/jooq/generated/Keys.java<br>typed-schema-module/src/main/java/com/example/platform/typedschema/jooq/generated/Public.java<br>typed-schema-module/src/main/java/com/example/platform/typedschema/jooq/generated/Tables.java<br>typed-schema-module/src/main/java/com/example/platform/typedschema/jooq/generated/tables/records/SandboxExecutionJobRecord.java	CALLERS_DEPEND_ON_COMPONENT	generated persistence projection	schema projection, not Phase 17 authority	CONTEXT_ONLY	DEFER	not required to close Phase 17 and does not become canonical authority
P17-L-117	typed-schema-module/src/main/java/com/example/platform/typedschema/jooq/generated/tables/records/SandboxExecutionJobRecord.java	SandboxExecutionJobRecord	typed-schema-module/src/main/java/com/example/platform/typedschema/jooq/generated/Keys.java<br>typed-schema-module/src/main/java/com/example/platform/typedschema/jooq/generated/tables/SandboxExecutionJob.java	CALLERS_DEPEND_ON_COMPONENT	generated persistence projection	schema projection, not Phase 17 authority	CONTEXT_ONLY	DEFER	not required to close Phase 17 and does not become canonical authority
P17-L-118	worker-fabric-module/src/main/java/com/example/platform/workerfabric/domain/ArtifactCommitEvidencePort.java	ArtifactCommitEvidencePort	worker-fabric-module/src/main/java/com/example/platform/workerfabric/domain/CompletionFence.java<br>worker-fabric-module/src/test/java/com/example/platform/workerfabric/domain/TaskFArchitectureGuardTest.java<br>worker-fabric-module/src/test/java/com/example/platform/workerfabric/domain/TaskFTestFixture.java	CALLERS_DEPEND_ON_COMPONENT	existing worker-fabric authority or bounded capability input	existing Artifact/fencing/runtime eligibility authority	DIRECT	REUSE_AS_CANONICAL	already owns the correct bounded authority; Phase 17 composes without duplication
P17-L-119	worker-fabric-module/src/main/java/com/example/platform/workerfabric/domain/CompletionFence.java	CompletionFence	worker-fabric-module/src/test/java/com/example/platform/workerfabric/domain/BackendIntegrationContractTest.java<br>worker-fabric-module/src/test/java/com/example/platform/workerfabric/domain/CompletionFenceTest.java<br>worker-fabric-module/src/test/java/com/example/platform/workerfabric/domain/ExecutionObservationContractTest.java<br>worker-fabric-module/src/test/java/com/example/platform/workerfabric/domain/TaskFArchitectureGuardTest.java<br>worker-fabric-module/src/test/java/com/example/platform/workerfabric/domain/TaskGArchitectureGuardTest.java	CALLERS_DEPEND_ON_COMPONENT	existing worker-fabric authority or bounded capability input	existing Artifact/fencing/runtime eligibility authority	DIRECT	REUSE_AS_CANONICAL	already owns the correct bounded authority; Phase 17 composes without duplication
P17-L-120	worker-fabric-module/src/main/java/com/example/platform/workerfabric/domain/ExecutionOwnershipGeneration.java	ExecutionOwnershipGeneration	media-execution-plan-module/src/test/java/com/example/platform/execution/taskgraph/Epoch3RuntimeStateSemanticGuardTest.java<br>media-execution-plan-module/src/test/java/com/example/platform/execution/taskgraph/Phase6TaskGraphArchitectureTest.java<br>worker-fabric-module/src/main/java/com/example/platform/workerfabric/domain/BackendExecutionHandle.java<br>worker-fabric-module/src/main/java/com/example/platform/workerfabric/domain/ExecutionAssignment.java<br>worker-fabric-module/src/main/java/com/example/platform/workerfabric/domain/ExecutionAttempt.java<br>worker-fabric-module/src/main/java/com/example/platform/workerfabric/domain/ExecutionLifecycleBoundary.java<br>worker-fabric-module/src/main/java/com/example/platform/workerfabric/domain/ExecutionObservation.java<br>worker-fabric-module/src/main/java/com/example/platform/workerfabric/domain/NativeWorkerBackendExecutionHandle.java<br>worker-fabric-module/src/main/java/com/example/platform/workerfabric/domain/OpenCueBackendExecutionHandle.java<br>worker-fabric-module/src/main/java/com/example/platform/workerfabric/domain/OutboxDeliveryIntent.java<br>worker-fabric-module/src/main/java/com/example/platform/workerfabric/domain/RemoteProviderExecutionHandle.java<br>worker-fabric-module/src/main/java/com/example/platform/workerfabric/domain/TaskLease.java<br>worker-fabric-module/src/main/java/com/example/platform/workerfabric/domain/providernative/ExecutionCommand.java<br>worker-fabric-module/src/main/java/com/example/platform/workerfabric/domain/providernative/RuntimeExecutionBundle.java<br>worker-fabric-module/src/main/java/com/example/platform/workerfabric/domain/providernative/RuntimeExecutionContext.java<br>worker-fabric-module/src/main/java/com/example/platform/workerfabric/infrastructure/JooqArtifactReuseIndex.java<br>worker-fabric-module/src/main/java/com/example/platform/workerfabric/infrastructure/JooqAtomicAssignmentGrantBoundary.java<br>worker-fabric-module/src/main/java/com/example/platform/workerfabric/infrastructure/StaleOwnershipGenerationException.java<br>worker-fabric-module/src/main/java/com/example/platform/workerfabric/reuse/ReusableArtifactRecord.java<br>worker-fabric-module/src/test/java/com/example/platform/workerfabric/domain/AtomicAssignmentGrantPostgresTest.java<br>worker-fabric-module/src/test/java/com/example/platform/workerfabric/domain/ExecutionObservationContractTest.java<br>worker-fabric-module/src/test/java/com/example/platform/workerfabric/domain/TaskDArchitectureGuardTest.java<br>worker-fabric-module/src/test/java/com/example/platform/workerfabric/domain/TaskEArchitectureGuardTest.java<br>worker-fabric-module/src/test/java/com/example/platform/workerfabric/domain/TaskFArchitectureGuardTest.java<br>worker-fabric-module/src/test/java/com/example/platform/workerfabric/domain/TaskFTestFixture.java<br>worker-fabric-module/src/test/java/com/example/platform/workerfabric/domain/TaskGArchitectureGuardTest.java<br>worker-fabric-module/src/test/java/com/example/platform/workerfabric/domain/providernative/ProviderNativeLoweringRuntimeAdapterTest.java<br>worker-fabric-module/src/test/java/com/example/platform/workerfabric/reuse/ArtifactReuseMaterializationTest.java<br>worker-fabric-module/src/test/java/com/example/platform/workerfabric/reuse/RuntimeClosedLoopConformanceTest.java	CALLERS_DEPEND_ON_COMPONENT	existing worker-fabric authority or bounded capability input	existing Artifact/fencing/runtime eligibility authority	DIRECT	REUSE_AS_CANONICAL	already owns the correct bounded authority; Phase 17 composes without duplication
P17-L-121	worker-fabric-module/src/main/java/com/example/platform/workerfabric/domain/OpenCueBackendEligibilityContract.java	OpenCueBackendEligibilityContract	worker-fabric-module/src/test/java/com/example/platform/workerfabric/domain/BackendIntegrationContractTest.java<br>worker-fabric-module/src/test/java/com/example/platform/workerfabric/domain/TaskFArchitectureGuardTest.java	CALLERS_DEPEND_ON_COMPONENT	delegated backend mechanism/evidence	OpenCue backend-internal authority only	CONTEXT_ONLY	DEFER	not required to close Phase 17 and does not become canonical authority
P17-L-122	worker-fabric-module/src/main/java/com/example/platform/workerfabric/domain/OpenCueBackendExecutionHandle.java	OpenCueBackendExecutionHandle	worker-fabric-module/src/main/java/com/example/platform/workerfabric/domain/BackendExecutionHandle.java<br>worker-fabric-module/src/main/java/com/example/platform/workerfabric/domain/OpenCueSubmissionLedgerPort.java<br>worker-fabric-module/src/main/java/com/example/platform/workerfabric/infrastructure/JooqAtomicAssignmentGrantBoundary.java<br>worker-fabric-module/src/test/java/com/example/platform/workerfabric/domain/BackendIntegrationContractTest.java<br>worker-fabric-module/src/test/java/com/example/platform/workerfabric/domain/TaskFArchitectureGuardTest.java<br>worker-fabric-module/src/test/java/com/example/platform/workerfabric/domain/TaskFTestFixture.java<br>worker-fabric-module/src/test/java/com/example/platform/workerfabric/domain/TaskGArchitectureGuardTest.java	CALLERS_DEPEND_ON_COMPONENT	delegated backend mechanism/evidence	OpenCue backend-internal authority only	CONTEXT_ONLY	DEFER	not required to close Phase 17 and does not become canonical authority
P17-L-123	worker-fabric-module/src/main/java/com/example/platform/workerfabric/domain/OpenCueCompletionMappingContract.java	OpenCueCompletionMappingContract	worker-fabric-module/src/test/java/com/example/platform/workerfabric/domain/BackendIntegrationContractTest.java<br>worker-fabric-module/src/test/java/com/example/platform/workerfabric/domain/TaskFArchitectureGuardTest.java	CALLERS_DEPEND_ON_COMPONENT	delegated backend mechanism/evidence	OpenCue backend-internal authority only	CONTEXT_ONLY	DEFER	not required to close Phase 17 and does not become canonical authority
P17-L-124	worker-fabric-module/src/main/java/com/example/platform/workerfabric/domain/OpenCueFarmBackend.java	OpenCueFarmBackend	worker-fabric-module/src/test/java/com/example/platform/workerfabric/domain/BackendIntegrationContractTest.java<br>worker-fabric-module/src/test/java/com/example/platform/workerfabric/domain/TaskFArchitectureGuardTest.java<br>worker-fabric-module/src/test/java/com/example/platform/workerfabric/domain/TaskGArchitectureGuardTest.java	CALLERS_DEPEND_ON_COMPONENT	delegated backend mechanism/evidence	OpenCue backend-internal authority only	CONTEXT_ONLY	DEFER	not required to close Phase 17 and does not become canonical authority
P17-L-125	worker-fabric-module/src/main/java/com/example/platform/workerfabric/domain/OpenCueObservationMappingContract.java	OpenCueObservationMappingContract	worker-fabric-module/src/test/java/com/example/platform/workerfabric/domain/TaskFArchitectureGuardTest.java	CALLERS_DEPEND_ON_COMPONENT	delegated backend mechanism/evidence	OpenCue backend-internal authority only	CONTEXT_ONLY	DEFER	not required to close Phase 17 and does not become canonical authority
P17-L-126	worker-fabric-module/src/main/java/com/example/platform/workerfabric/domain/OpenCueSubmissionLedgerPort.java	OpenCueSubmissionLedgerPort	worker-fabric-module/src/test/java/com/example/platform/workerfabric/domain/BackendIntegrationContractTest.java<br>worker-fabric-module/src/test/java/com/example/platform/workerfabric/domain/TaskFArchitectureGuardTest.java<br>worker-fabric-module/src/test/java/com/example/platform/workerfabric/domain/TaskFTestFixture.java	CALLERS_DEPEND_ON_COMPONENT	delegated backend mechanism/evidence	OpenCue backend-internal authority only	CONTEXT_ONLY	DEFER	not required to close Phase 17 and does not become canonical authority
P17-L-127	worker-fabric-module/src/main/java/com/example/platform/workerfabric/domain/SandboxRuntimeAvailability.java	SandboxRuntimeAvailability	worker-fabric-module/src/main/java/com/example/platform/workerfabric/domain/NativeRuntimeEligibilityRequest.java<br>worker-fabric-module/src/main/java/com/example/platform/workerfabric/domain/RequestWork.java<br>worker-fabric-module/src/main/java/com/example/platform/workerfabric/domain/RuntimeEligibilityEvaluator.java<br>worker-fabric-module/src/test/java/com/example/platform/workerfabric/domain/RuntimeEligibilityEvaluatorTest.java<br>worker-fabric-module/src/test/java/com/example/platform/workerfabric/domain/TaskBArchitectureGuardTest.java<br>worker-fabric-module/src/test/java/com/example/platform/workerfabric/domain/TaskCTestFixture.java	CALLERS_DEPEND_ON_COMPONENT	existing worker-fabric authority or bounded capability input	existing Artifact/fencing/runtime eligibility authority	DIRECT	REUSE_AS_CANONICAL	already owns the correct bounded authority; Phase 17 composes without duplication
P17-L-128	worker-fabric-module/src/main/java/com/example/platform/workerfabric/domain/SandboxRuntimeRequirement.java	SandboxRuntimeRequirement	worker-fabric-module/src/main/java/com/example/platform/workerfabric/domain/NativeRuntimeEligibilityRequest.java<br>worker-fabric-module/src/main/java/com/example/platform/workerfabric/domain/PendingNativeWorkCandidate.java<br>worker-fabric-module/src/main/java/com/example/platform/workerfabric/domain/RuntimeEligibilityEvaluator.java<br>worker-fabric-module/src/test/java/com/example/platform/workerfabric/domain/CentralWorkMatcherTest.java<br>worker-fabric-module/src/test/java/com/example/platform/workerfabric/domain/RuntimeEligibilityEvaluatorTest.java<br>worker-fabric-module/src/test/java/com/example/platform/workerfabric/domain/TaskBArchitectureGuardTest.java<br>worker-fabric-module/src/test/java/com/example/platform/workerfabric/domain/TaskCTestFixture.java	CALLERS_DEPEND_ON_COMPONENT	existing worker-fabric authority or bounded capability input	existing Artifact/fencing/runtime eligibility authority	DIRECT	REUSE_AS_CANONICAL	already owns the correct bounded authority; Phase 17 composes without duplication
P17-L-129	worker-fabric-module/src/main/java/com/example/platform/workerfabric/reuse/ArtifactOutputCommitOrchestrator.java	ArtifactOutputCommitOrchestrator	worker-fabric-module/src/main/java/com/example/platform/workerfabric/reuse/RuntimeClosedLoopOrchestrator.java<br>worker-fabric-module/src/test/java/com/example/platform/workerfabric/reuse/ArtifactReuseMaterializationTest.java<br>worker-fabric-module/src/test/java/com/example/platform/workerfabric/reuse/RuntimeClosedLoopArchitectureGuardTest.java<br>worker-fabric-module/src/test/java/com/example/platform/workerfabric/reuse/RuntimeClosedLoopConformanceTest.java	CALLERS_DEPEND_ON_COMPONENT	existing worker-fabric authority or bounded capability input	existing Artifact/fencing/runtime eligibility authority	DIRECT	REUSE_AS_CANONICAL	already owns the correct bounded authority; Phase 17 composes without duplication
P17-L-130	worker-fabric-module/src/main/java/com/example/platform/workerfabric/reuse/OutputStagingArea.java	OutputStagingArea	worker-fabric-module/src/main/java/com/example/platform/workerfabric/reuse/RuntimeClosedLoopOrchestrator.java<br>worker-fabric-module/src/test/java/com/example/platform/workerfabric/reuse/ArtifactReuseMaterializationTest.java<br>worker-fabric-module/src/test/java/com/example/platform/workerfabric/reuse/RuntimeClosedLoopConformanceTest.java	CALLERS_DEPEND_ON_COMPONENT	existing worker-fabric authority or bounded capability input	existing Artifact/fencing/runtime eligibility authority	DIRECT	REUSE_AS_CANONICAL	already owns the correct bounded authority; Phase 17 composes without duplication
P17-L-131	worker-fabric-module/src/main/java/com/example/platform/workerfabric/reuse/RuntimeClosedLoopOrchestrator.java	RuntimeClosedLoopOrchestrator	worker-fabric-module/src/test/java/com/example/platform/workerfabric/reuse/RuntimeClosedLoopArchitectureGuardTest.java<br>worker-fabric-module/src/test/java/com/example/platform/workerfabric/reuse/RuntimeClosedLoopConformanceTest.java	CALLERS_DEPEND_ON_COMPONENT	existing worker-fabric authority or bounded capability input	existing Artifact/fencing/runtime eligibility authority	DIRECT	REUSE_AS_CANONICAL	already owns the correct bounded authority; Phase 17 composes without duplication
