fact_id	subject	claim	classification	revision_scope	logical_identity_authority	evidence	status
F01	STORAGE_OBJECT_ID_VALUE_SEMANTICS	StorageObjectId declares logical identity independent of physical location provider or backend	CURRENT_CANONICAL_FACT	BASE_AND_FROZEN_H6	NO	Both snapshots contain storage-module/src/main/java/com/example/platform/storage/contract/StorageObjectId.java with the logical-identity Javadoc	CLASSIFIED
F02	RAW_STORAGE_PROVIDER_INTERFACE	com.example.platform.storage.contract.StorageProvider is a current raw string provider SPI	CURRENT_CANONICAL_FACT	BASE_AND_FROZEN_H6	NO	Both snapshots contain identical blob 833e41ba51c7fe52d7cff6dea70352490796661b at storage-module/src/main/java/com/example/platform/storage/contract/StorageProvider.java	CLASSIFIED
F03	RAW_STORAGE_PROVIDER_METHODS	The raw SPI exposes String providerId and providerType plus store fetch delete exists and metadata over String storageReferenceId	CURRENT_CANONICAL_FACT	BASE_AND_FROZEN_H6	NO	The raw StorageProvider interface has the stated signatures in both snapshots	CLASSIFIED
F04	RAW_STORAGE_PROVIDER_IMPLEMENTATION	Render S3StorageProvider is an architecture-validation stub implementing the raw SPI	CURRENT_CANONICAL_FACT	BASE_AND_FROZEN_H6	NO	Both snapshots contain identical blob 722c25a3f29692ead1036955df1f19a45c00796b at render-module/src/main/java/com/example/platform/render/infrastructure/storage/S3StorageProvider.java	CLASSIFIED
F05	TYPED_STORAGE_PROVIDER_INTERFACE	com.example.platform.storage.contract.provider.StorageProvider is a distinct current typed foundation and backend SPI	CURRENT_CANONICAL_FACT	BASE_AND_FROZEN_H6	NO	Both snapshots contain identical blob 409e2522f33456ca837881bb43e73e39e9432616 at storage-module/src/main/java/com/example/platform/storage/contract/provider/StorageProvider.java	CLASSIFIED
F06	TYPED_STORAGE_PROVIDER_OPERATIONS	The typed SPI exposes beginWrite write completeWrite abortWrite openRead stat copy and delete	CURRENT_CANONICAL_FACT	BASE_AND_FROZEN_H6	NO	The typed StorageProvider interface has the stated typed signatures in both snapshots	CLASSIFIED
F07	WRITE_SESSION_RESULT	com.example.platform.storage.contract.write.WriteSessionResult exists and contains StorageObjectId objectId	CURRENT_CANONICAL_FACT	BASE_AND_FROZEN_H6	NO	Both snapshots contain storage-module/src/main/java/com/example/platform/storage/contract/write/WriteSessionResult.java	CLASSIFIED
F08	TYPED_COMPLETION_OBJECT_ID	Typed completeWrite returns WriteSessionResult and therefore a typed completion object ID	CURRENT_CANONICAL_FACT	BASE_AND_FROZEN_H6	NO	The typed SPI completeWrite signature and WriteSessionResult record establish this mechanic in both snapshots but do not establish application issuance authority	CLASSIFIED
F09	IN_MEMORY_TYPED_PROVIDER	InMemoryStorageProvider implements the typed SPI and generates obj-<writeSessionId> on completion	CURRENT_CANONICAL_FACT	BASE_AND_FROZEN_H6	NO	Both snapshots contain identical blob 991b6c22e1f2a6e2d19dd4c6c81db556d910a53b at storage-module/src/main/java/com/example/platform/storage/contract/memory/InMemoryStorageProvider.java	CLASSIFIED
F10	ABSTRACT_OPEN_DAL_PROVIDER	AbstractOpenDalProvider implements the typed SPI and provides typed backend mechanics	CURRENT_CANONICAL_FACT	BASE_AND_FROZEN_H6	NO	Both snapshots contain identical blob c229e62f2f0a7d04d55e7e48ebcff68e5fba3779 at storage-provider-opendal/src/main/java/com/example/platform/storage/opendal/internal/AbstractOpenDalProvider.java	CLASSIFIED
F11	OPEN_DAL_OBJECT_ID_GENERATION	AbstractOpenDalProvider generates obj-<writeSessionId> and maps the result to an internal backend path	CURRENT_CANONICAL_FACT	BASE_AND_FROZEN_H6	NO	generateObjectId constructs new StorageObjectId from the write session while OpenDalLocationCodec confines physical mapping behind the backend	CLASSIFIED
F12	WORKER_FABRIC_TYPED_PROVIDER_USE	ArtifactOutputCommitOrchestrator uses the typed provider beginWrite write and completeWrite mechanics and persists the returned objectId	CURRENT_CANONICAL_FACT	BASE_AND_FROZEN_H6	NO	Both snapshots contain identical blob aed3062d86d03409a9ad715a2b24c3af7e1ca8ef at worker-fabric-module/src/main/java/com/example/platform/workerfabric/reuse/ArtifactOutputCommitOrchestrator.java	CLASSIFIED
F13	STORAGE_OBJECT_LOCATION	com.example.platform.storage.contract.identity.StorageObjectLocation exists with typed provider namespace locator version and region fields	CURRENT_CANONICAL_FACT	BASE_AND_FROZEN_H6	NO	Both snapshots contain storage-module/src/main/java/com/example/platform/storage/contract/identity/StorageObjectLocation.java	CLASSIFIED
F14	STORAGE_REPLICA_RECORD	StorageValidationModel.StorageReplicaRecord exists and associates typed object replica and location semantics	CURRENT_CANONICAL_FACT	BASE_AND_FROZEN_H6	NO	Both snapshots contain storage-module/src/main/java/com/example/platform/storage/contract/validation/StorageValidationModel.java	CLASSIFIED
F15	FROZEN_H6_STORAGE_SPI_PARITY	Frozen H6 contains the same raw SPI typed SPI raw S3 stub InMemory provider AbstractOpenDalProvider and worker-fabric orchestrator blobs as canonical base	FROZEN_H6_FACT	FROZEN_H6	NO	Blob identities were compared between bd919f958bea79e57fe7fcb1cf1396eca96a0e9d and c91b90f4127163d0b6d6f4f84e4190a3a083c652	CLASSIFIED
F16	V1_STORAGE_OBJECT_TABLE	The V1 storage_object table combines id provider_code bucket and object_key in one row	CURRENT_CANONICAL_FACT	BASE_AND_FROZEN_H6	NO	platform-app/src/main/resources/db/migration/V1__initial_schema.sql defines the table in both snapshots	CLASSIFIED
F17	V1_STORAGE_OBJECT_AUTHORITY_OWNER	No current production repository was found owning or using the V1 storage_object table as canonical logical identity authority	CURRENT_CANONICAL_FACT	BASE_AND_FROZEN_H6	NO	Mechanical repository scan at both evidence snapshots found the schema definition but no production authority repository	CLASSIFIED
F18	V1_ARTIFACT_REPLICA_TABLE	The V1 artifact_replica table stores provider_id and storage_object_id with an Artifact foreign key but no Storage foreign key or semantic discriminator	CURRENT_CANONICAL_FACT	BASE_AND_FROZEN_H6	NO	platform-app/src/main/resources/db/migration/V1__initial_schema.sql defines the stated columns and constraints in both snapshots	CLASSIFIED
F19	CANONICAL_DATABASE_BINDING	No PostgreSQL instance was proven bound to canonical main by the decision-recovery evidence	CURRENT_CANONICAL_FACT	BASE_AND_FROZEN_H6	NO	The decision-recovery evidence contains no proven canonical database identity	CLASSIFIED
F20	PERSISTED_ROW_COUNTS	Canonical logical legacy physical encoded and ambiguous persisted row counts remain UNKNOWN until M0 binds and observes an authorized canonical database	CURRENT_CANONICAL_FACT	BASE_AND_FROZEN_H6	NO	No proven canonical database observation exists in the decision-recovery evidence	CLASSIFIED
F21	LOGICAL_ISSUANCE_APPLICATION_BOUNDARY_TARGET	Storage-owned logical identity issuance/application boundary owns canonical logical ID semantics	TARGET_MODEL	TARGET_V1	TARGET_ONLY	Frozen law STORAGE_APPLICATION_BOUNDARY_OWNS_LOGICAL_ID_ISSUANCE_V1	CLASSIFIED
F22	LOGICAL_ISSUANCE_APPLICATION_BOUNDARY_MATERIALIZATION	A Storage-owned logical identity issuance/application boundary is not materialized in either current snapshot	NOT_PRESENT	BASE_AND_FROZEN_H6	NOT_PRESENT	Repository inspection found typed provider mechanics but no application-level canonical issuance authority	CLASSIFIED
F23	MIGRATION_ADOPTION_OPERATION_TARGET	A migration-only Storage adoption operation accepts proven legacy placement and issues canonical identity plus receipt	TARGET_MODEL	TARGET_V1	TARGET_ONLY	The frozen migration model requires the bounded idempotent adoption operation	CLASSIFIED
F24	MIGRATION_ADOPTION_OPERATION_MATERIALIZATION	The migration-only Storage adoption operation is not present in either current snapshot	NOT_PRESENT	BASE_AND_FROZEN_H6	NOT_PRESENT	Repository inspection found no adoptLegacyPlacement-equivalent Storage application operation	CLASSIFIED
F25	NORMALIZED_STORAGE_AUTHORITY_TARGET	Normalized Storage-owned logical-object placement replica receipt and migration-journal persistence is required	TARGET_MODEL	TARGET_V1	TARGET_ONLY	The frozen schema decision is SCHEMA_MIGRATION_REQUIRED and generic JSON placement is forbidden	CLASSIFIED
F26	NORMALIZED_STORAGE_AUTHORITY_MATERIALIZATION	Normalized Storage-owned logical identity persistence authority adoption receipts and migration journal are not present in either current snapshot	NOT_PRESENT	BASE_AND_FROZEN_H6	NOT_PRESENT	The V1 schema lacks the target normalized authority receipt and journal materialization	CLASSIFIED
