guard_id	prohibited_pattern	enforcement_scope	implementation_gate	future_red_plan	owner	status
BAN_PHYSICAL_VALUE_STORAGE_OBJECT_ID_CONSTRUCTION_OUTSIDE_STORAGE	Construction of StorageObjectId from provider bucket objectKey path URI locator or backend values outside Storage and the migration boundary	Production source outside storage modules plus architecture tests	M3	Add a forbidden fixture that constructs new StorageObjectId from bucket plus objectKey in Render; guard must fail before removing fixture	STORAGE	PLANNED_RED
BAN_STORAGE_OBJECT_ID_URI_PARSING_OUTSIDE_MIGRATION_BOUNDARY	Scheme stripping slash splitting URI parsing or path conversion of StorageObjectId outside Storage and migration-only code	Production source outside storage modules and named migration package	M2	Add a forbidden fixture that splits storageObjectId.value in a Web reader; guard must fail before removing fixture	STORAGE	PLANNED_RED
BAN_ARTIFACT_DIRECT_PHYSICAL_PLACEMENT_AUTHORITY	Artifact persistence or application code authoring provider namespace opaque locator version token or region as placement authority	artifact-module production source schema ownership and module boundary tests	M3	Add a forbidden Artifact repository placement write fixture; guard must fail before removing fixture	STORAGE	PLANNED_RED
BAN_WEB_DIRECT_PHYSICAL_PLACEMENT_AUTHORITY	Web code resolving persisting or projecting raw authoritative physical placement	platform-app Web production source and API projection tests	M3	Add a forbidden controller DTO exposing opaqueLocator; guard must fail before removing fixture	STORAGE	PLANNED_RED
BAN_PERMANENT_DUAL_WRITE	Any normal runtime write to legacy and canonical identity or placement authorities	Production writers database triggers and migration feature lifecycle checks	M3	Add a forbidden writer fixture persisting both physical string and logical ID; guard must fail before removing fixture	STORAGE	PLANNED_RED
BAN_PERMANENT_COMPATIBILITY_FALLBACK	Unbounded or ownerless fallback from canonical lookup to physical parsing	Production readers feature flags and compatibility expiry manifest	M6	Add a fallback fixture without removal gate or expiry; guard must fail before removing fixture	STORAGE	PLANNED_RED
BAN_RAW_STORAGE_LOCATION_PRODUCT_PROJECTION	Product API event or DTO exposing provider namespace opaqueLocator providerVersionToken region tuple or raw maintenance placement	Public API event schema controller DTO and serialization tests	M6	Add a forbidden public DTO field named opaqueLocator; guard must fail before removing fixture	STORAGE	PLANNED_RED
BAN_UNCLASSIFIED_STORAGE_IDENTITY_WRITER	A new Storage identity writer absent from writer inventory or lacking an allowed classification	Production source inventory parity check	M3	Add an unlisted fixture that persists StorageObjectId; inventory parity guard must fail before removing fixture	STORAGE	PLANNED_RED
BAN_UNCLASSIFIED_STORAGE_IDENTITY_READER	A new Storage identity reader resolver parser or mapper absent from reader inventory or lacking an allowed classification	Production source inventory parity check	M2	Add an unlisted fixture that reads storageObjectId.value; inventory parity guard must fail before removing fixture	STORAGE	PLANNED_RED
